anr;datum;titel_kurz_d;titel_kurz_f;titel_off_d;titel_off_f;rechtsform;br-pos;annahme;volkja-proz;zh-japroz;be-japroz;lu-japroz;ur-japroz;sz-japroz;ow-japroz;nw-japroz;gl-japroz;zg-japroz;so-japroz;bs-japroz;bl-japroz;sh-japroz;ar-japroz;ai-japroz;sg-japroz;gr-japroz;ag-japroz;tg-japroz;vd-japroz;ne-japroz;ge-japroz;ju-japroz
638;07.03.2021;Initiative für ein Verhüllungsverbot;Initiative pour l’interdiction de se dissimuler le visage;Volksinitiative «Ja zum Verhüllungsverbot»;Initiative populaire «Oui à l’interdiction de se dissimuler le visage»;3;2;1;51.19;45.14;49.58;50.45;58.82;60.16;56.25;56.08;53.45;50.43;52.56;40.61;53.40;52.23;49.13;58.66;53.12;49.60;53.61;53.92;50.91;52.01;48.70;60.65
639;07.03.2021;Gesetz über elektronische Identifizierungsdienste;Loi sur les services d’identification électronique;Bundesgesetz über elektronische Identifizierungsdienste (E-ID-Gesetz, BGEID);Loi fédérale sur les services d’identification électronique (LSIE);2;1;0;35.64;35.38;33.24;39.61;36.22;36.34;39.89;40.39;35.15;40.97;39.80;29.31;33.51;31.55;36.24;38.94;38.00;38.27;37.67;36.28;29.96;31.45;30.60;33.35
640;07.03.2021;Freihandelsabkommen mit Indonesien;Accord de libre-échange avec l'Indonésie;Bundesbeschluss über die Genehmigung des Umfassenden Wirtschaftspartnerschaftsabkommens zwischen den EFTA-Staaten und Indonesien;Arrêté fédéral portant approbation de l’Accord de partenariat économique de large portée entre les États de l’AELE et l’Indonésie;2;1;1;51.65;58.18;51.74;55.91;55.52;58.87;59.12;62.67;54.13;61.85;54.97;48.81;55.33;50.75;53.44;57.37;55.99;53.81;56.52;54.74;34.13;39.52;40.27;35.17
641;13.06.2021;Trinkwasserinitiative;Initiative pour une eau potable propre;Volksinitiative «Für sauberes Trinkwasser und gesunde Nahrung – Keine Subventionen für den Pestizid- und den prophylaktischen Antibiotika-Einsatz»;Initiative populaire «Pour une eau potable propre et une alimentation saine – Pas de subventions pour l’utilisation de pesticides et l’utilisation d’antibiotiques à titre prophylactique»;3;2;0;39.31;49.30;40.41;34.21;27.43;29.24;27.83;29.18;40.70;38.67;40.31;58.76;41.53;44.23;39.06;25.96;37.46;37.83;38.18;33.97;33.97;38.58;46.87;30.72
642;13.06.2021;Pestizidinitiative;Initiative sur les pesticides;Volksinitiative «Für eine Schweiz ohne synthetische Pestizide»;Initiative populaire «Pour une Suisse libre de pesticides de synthèse»;3;2;0;39.44;47.94;40.36;33.87;27.67;28.53;27.70;28.93;40.10;36.77;39.69;57.16;40.50;42.78;39.22;26.03;36.74;38.80;37.23;33.60;37.25;42.63;49.33;32.86
643;13.06.2021;Covid-19-Gesetz;Loi COVID-19;Bundesgesetz über die gesetzlichen Grundlagen für Verordnungen des Bundesrates zur Bewältigung der Covid-19-Epidemie (Covid-19-Gesetz);Loi fédérale sur les bases légales des ordonnances du Conseil fédéral visant à surmonter l’épidémie de COVID-19 (Loi COVID-19);2;1;1;60.20;64.37;60.13;57.40;45.14;40.93;43.29;48.64;49.08;57.75;59.10;69.08;58.67;57.59;47.04;39.18;51.02;57.57;58.04;49.91;70.15;66.58;69.33;59.41
644;13.06.2021;CO2-Gesetz;Loi sur le CO2;Bundesgesetz über die Verminderung von Treibhausgasemissionen (CO2-Gesetz);Loi fédérale sur la réduction des émissions de gaz à effet de serre (Loi sur le CO2);2;1;0;48.41;55.41;48.49;47.98;35.01;34.52;36.17;38.21;39.93;47.71;43.86;66.64;46.98;46.55;42.50;35.12;42.88;46.64;44.03;40.54;53.15;52.61;61.40;41.82
645;13.06.2021;Gesetz über polizeiliche Massnahmen gegen Terrorismus;Loi sur les mesures policières contre le terrorisme;Bundesgesetz über polizeiliche Massnahmen zur Bekämpfung von Terrorismus (PMT);Loi fédérale sur les mesures policières de lutte contre le terrorisme (MPT);2;1;1;56.58;54.45;54.79;57.49;53.69;50.41;56.31;55.63;51.29;58.94;58.83;45.07;55.16;56.43;51.07;50.01;56.48;58.78;57.31;54.91;58.83;61.96;55.98;60.96
646;26.09.2021;«99%-Initiative»;«Initiative 99%»;Volksinitiative «Löhne entlasten, Kapital gerecht besteuern»;Initiative populaire «Alléger les impôts sur les salaires, imposer équitablement le capital»;3;2;0;35.12;35.96;40.67;32.01;31.51;23.42;25.09;22.59;32.63;23.22;34.52;48.08;32.69;34.77;31.04;23.63;30.85;29.20;29.90;28.12;38.44;44.88;41.77;46.87
647;26.09.2021;Ehe für alle;Mariage pour tous;Änderung des Schweizerischen Zivilgesetzbuches (Ehe für alle);Modification du code civil suisse (Mariage pour tous);2;1;1;64.10;69.11;65.15;66.17;58.25;56.48;59.26;61.57;61.12;66.11;66.16;73.96;67.15;61.81;57.24;50.82;59.30;62.75;64.05;57.22;65.02;63.43;65.15;61.13
648;28.11.2021;Pflegeinitiative;Initiative sur les soins infirmiers;Volksinitiative «Für eine starke Pflege (Pflegeinitiative)»;Initiative populaire «Pour des soins infirmiers forts (initiative sur les soins infirmiers)»;3;2;1;60.98;61.76;63.93;59.32;57.74;51.40;52.39;53.39;61.14;54.82;60.57;66.64;62.00;63.45;55.30;47.05;56.75;61.67;58.01;59.55;64.73;63.88;64.35;66.40
649;28.11.2021;Justizinitiative;Initiative sur la justice;Volksinitiative «Bestimmung der Bundesrichterinnen und Bundesrichter im Losverfahren (Justiz-Initiative)»;Initiative populaire «Désignation des juges fédéraux par tirage au sort (initiative sur la justice)»;3;2;0;31.92;32.66;31.75;31.88;27.43;28.56;29.14;29.55;31.98;30.11;32.79;34.04;34.01;34.02;32.03;22.21;31.82;33.61;33.04;34.59;24.93;31.88;29.58;37.49
650;28.11.2021;Änderung des Covid-19-Gesetzes (2. Revision);Modification de la loi COVID-19 (2e révision);Änderung vom 19. März 2021 des Bundesgesetzes über die gesetzlichen Grundlagen für Verordnungen des Bundesrates zur Bewältigung der Covid-19-Epidemie (Covid-19-Gesetz) (Härtefälle, Arbeitslosenversicherung, familienergänzende Kinderbetreuung, Kulturschaffende, Veranstaltungen);Modification du 19 mars 2021 de la loi fédérale sur les bases légales des ordonnances du Conseil fédéral visant à surmonter l’épidémie de COVID-19) (Loi COVID-19) (Cas de rigueur, assurance-chômage, accueil extra-familial pour enfants, acteurs culturels, manifestations);2;1;1;62.02;66.19;62.52;62.35;56.30;48.62;51.19;59.09;54.18;63.64;63.45;70.58;64.97;59.86;50.68;44.22;54.73;60.87;62.57;54.65;63.70;64.35;62.93;54.72
651;13.02.2022;Initiative für ein Verbot von Tier- und Menschenversuchen;Initiative pour l'interdiction de l'expérimentation animale et humaine;Volksinitiative «Ja zum Tier- und Menschenversuchsverbot – Ja zu Forschungswegen mit Impulsen für Sicherheit und Fortschritt»;Initiative populaire «Oui à l'interdiction de l'expérimentation animale et humaine - Oui aux approches de recherche qui favorisent la sécurité et le progrès»;3;2;0;20.86;20.32;21.23;18.90;17.42;17.71;16.65;16.79;22.18;17.37;20.97;20.02;17.38;25.63;23.72;18.27;21.95;22.05;19.99;22.12;18.39;22.36;24.22;22.87
652;13.02.2022;Initiative «Kinder und Jugendliche ohne Tabakwerbung»;Initiative «Enfants et jeunes sans publicité pour le tabac»;Volksinitiative «Ja zum Schutz der Kinder und Jugendlichen vor Tabakwerbung (Kinder und Jugendliche ohne Tabakwerbung)»;Initiative populaire «Oui à la protection des enfants et des jeunes contre la publicité pour le tabac (enfants et jeunes sans publicité pour le tabac)»;3;2;1;56.65;59.88;58.37;47.07;41.28;39.69;41.55;42.11;50.83;46.73;50.52;64.64;53.92;55.28;48.42;41.88;47.21;52.08;50.15;47.04;67.19;61.46;74.82;66.18
653;13.02.2022;Gesetz über die Stempelabgaben;Loi sur les droits de timbre;Änderung des Bundesgesetzes über die Stempelabgaben (StG);Modification de la loi fédérale sur les droits de timbre (LT);2;1;0;37.37;37.10;29.48;39.45;35.88;43.79;43.14;46.58;37.03;51.12;33.71;33.90;35.24;38.20;37.58;40.69;37.98;41.06;38.25;38.11;40.50;35.42;39.46;29.46
654;13.02.2022;Medienpaket;Train de mesures en faveur des médias;Bundesgesetz über ein Massnahmenpaket zugunsten der Medien;Loi fédérale sur un train de mesures en faveur des médias;2;1;0;45.42;45.30;41.99;44.97;50.53;33.86;37.19;38.79;40.81;39.85;39.83;55.26;43.87;38.45;36.01;33.60;35.60;47.30;39.69;34.39;57.09;63.15;56.77;64.90
655;15.05.2022;Änderung des Filmgesetzes;Modification de la loi sur le cinéma;Änderung des Bundesgesetzes über Filmproduktion und Filmkultur (Filmgesetz, FiG);Modification de la loi fédérale sur la culture et la production cinématographiques (Loi sur le cinéma, LCin);2;1;1;58.42;55.58;59.76;56.04;49.80;42.43;45.80;49.59;51.89;52.04;53.75;66.22;55.87;42.22;51.99;47.82;50.63;56.62;52.30;49.62;76.14;70.48;74.56;64.71
656;15.05.2022;Widerspruchsregelung bei der Organspende;Principe du consentement présumé pour le don d’organes;Änderung des Bundesgesetzes über die Transplantation von Organen, Geweben und Zellen (Transplantationsgesetz);Modification de la loi fédérale sur la transplantation d'organes, de tissus et de cellules (Loi sur la transplantation);2;1;1;60.20;55.72;54.89;56.59;52.95;48.24;51.57;55.06;52.64;54.87;52.14;60.89;55.14;49.43;49.44;48.85;53.31;58.34;52.82;50.57;81.31;77.22;78.46;75.82
657;15.05.2022;Beteiligung an der europäischen Grenz- und Küstenwache Frontex;Contribution au corps européen de garde-frontières et de garde-côtes Frontex;Bundesbeschluss über die Genehmigung und die Umsetzung des Notenaustausches zwischen der Schweiz und der EU betreffend die Übernahme der Verordnung (EU) 2019/1896 über die Europäische Grenz- und Küstenwache und zur Aufhebung der Verordnungen (EU) Nr. 1052/2013 und (EU) 2016/1624 (Weiterentwicklung des Schengen-Besitzstands);Arrêté fédéral portant approbation et mise en œuvre de l'échange de notes entre la Suisse et l'Union européenne concernant la reprise du règlement (UE) 2019/1896 relatif au corps européen de garde-frontières et de garde-côtes et abrogeant les règlements (UE) no 1052/2013 et (UE) 2016/1624 (Développement de l'acquis de Schengen);2;1;1;71.48;71.95;69.95;71.64;70.14;68.70;72.63;74.40;69.32;77.08;72.22;66.42;75.10;67.39;69.89;70.23;71.66;72.15;72.90;72.93;74.43;72.34;63.47;71.67
658;25.09.2022;Massentierhaltungsinitiative;Initiative sur l’élevage intensif;Volksinitiative «Keine Massentierhaltung in der Schweiz (Massentierhaltungsinitiative)»;Initiative populaire «Non à l’élevage intensif en Suisse (initiative sur l’élevage intensif)»;3;2;0;37.13;46.62;38.55;32.22;25.07;25.06;23.70;26.76;36.72;32.97;37.53;55.18;39.61;40.04;34.53;21.65;33.54;34.77;35.53;31.11;34.45;36.15;47.34;27.61
659;25.09.2022;Erhöhung der Mehrwertsteuer zugunsten der AHV;Relèvement de la TVA pour un financement additionnel de l’AVS;Bundesbeschluss über die Zusatzfinanzierung der AHV durch eine Erhöhung der Mehrwertsteuer;Arrêté fédéral sur le financement additionnel de l’AVS par le biais d’un relèvement de la TVA;1;1;1;55.07;60.27;54.80;62.30;58.28;60.45;61.39;65.64;55.18;67.04;52.92;51.65;55.39;54.70;59.78;62.47;59.52;58.54;58.37;60.56;45.59;45.26;42.55;37.70
660;25.09.2022;AHV-Gesetz (AHV 21);Loi sur l’AVS (AVS 21);Änderung des Bundesgesetzes über die Alters- und Hinterlassenenversicherung (AHVG) (AHV 21);Modification de la loi fédérale sur l’assurance-vieillesse et survivants (LAVS) (AVS 21);2;1;1;50.55;55.78;50.39;59.37;57.12;60.47;60.83;64.70;51.75;65.01;49.82;46.76;51.02;49.98;59.04;64.45;57.74;56.19;55.38;57.68;37.94;35.47;37.24;29.12
661;25.09.2022;Verrechnungssteuergesetz;Loi sur l’impôt anticipé;Änderung des Bundesgesetzes über die Verrechnungssteuer (Verrechnungssteuergesetz, VStG) (Stärkung des Fremdkapitalmarkts);Modification de la loi fédérale sur l’impôt anticipé (LIA) (Renforcement du marché des capitaux de tiers);2;1;0;47.99;48.28;42.22;53.44;49.66;56.72;58.86;62.68;46.74;62.60;45.30;40.46;46.32;49.11;51.75;60.31;52.98;53.35;50.50;54.20;46.91;38.75;41.48;36.03
662;18.06.2023;OECD-Mindeststeuer für Unternehmen;Imposition minimale de l'OCDE;Bundesbeschluss über eine besondere Besteuerung grosser Unternehmensgruppen (Umsetzung des OECD/G20-Projekts zur Besteuerung grosser Unternehmensgruppen);Arrêté fédéral sur une imposition particulière des grands groupes d’entreprises (Mise en œuvre du projet conjoint de l’OCDE et du G20 sur l’imposition des grands groupes d’entreprises);1;1;1;78.45;76.64;74.94;78.70;72.81;75.23;77.17;79.52;73.31;82.34;78.12;81.32;81.26;75.86;75.50;77.73;76.65;77.73;77.00;76.32;85.68;84.69;85.58;79.99
663;18.06.2023;Klimagesetz;Loi sur le climat;Bundesgesetz über die Ziele im Klimaschutz, die Innovation und die Stärkung der Energiesicherheit (KlG);Loi fédérale sur les objectifs en matière de protection du climat, sur l’innovation et sur le renforcement de la sécurité énergétique;2;1;1;59.07;62.46;58.52;58.98;43.11;42.48;43.85;46.80;45.99;57.58;52.89;73.29;57.24;52.12;50.94;46.49;52.02;55.45;52.12;49.30;69.51;69.87;74.49;63.18
664;18.06.2023;Änderung des Covid-19-Gesetzes (5. Revision);Modification de la loi COVID-19 (5e révision);Änderung vom 16. Dezember 2022 des Bundesgesetzes über die gesetzlichen Grundlagen für Verordnungen des Bundesrates zur Bewältigung der Covid-19-Epidemie (Covid-19-Gesetz);Modification du 16 décembre 2022 de la loi fédérale sur les bases légales des ordonnances du Conseil fédéral visant à surmonter l’épidémie de COVID-19 (Loi COVID-19);2;1;1;61.94;66.46;62.24;61.24;51.45;45.75;47.37;55.34;53.61;60.32;60.14;72.04;63.06;55.53;51.69;48.54;54.73;58.93;59.12;53.31;68.15;69.07;69.94;60.72
665;03.03.2024;Initiative für eine 13. AHV-Rente;Initiative pour une 13e rente AVS;Volksinitiative «Für ein besseres Leben im Alter (Initiative für eine 13. AHV-Rente)»;Initiative populaire «Mieux vivre à la retraite (initiative pour une 13e rente AVS)»;3;2;1;58.25;52.09;56.30;46.57;43.60;42.41;40.47;43.98;56.40;41.92;60.08;64.45;60.65;56.36;46.29;31.45;48.74;51.82;52.56;48.74;74.40;78.43;75.47;82.54
666;03.03.2024;Renteninitiative;Initiative sur les rentes;Volksinitiative «Für eine sichere und nachhaltige Altersvorsorge (Renteninitiative)»;Initiative populaire «Pour une prévoyance vieillesse sûre et pérenne (initiative sur les rentes)»;3;2;0;25.25;30.46;24.84;27.12;22.80;29.19;27.24;28.20;24.88;30.10;25.76;27.84;26.70;29.82;27.42;29.27;26.81;26.46;26.22;26.80;14.91;18.50;22.16;14.97
667;09.06.2024;Prämien-Entlastungs-Initiative;Initiative d’allègement des primes;Volksinitiative «Maximal 10 % des Einkommens für die Krankenkassenprämien (Prämien-Entlastungs-Initiative)»;Initiative populaire «Maximum 10 % du revenu pour les primes d’assurance-maladie (initiative d’allègement des primes)»;3;2;0;44.53;;;;;;;;;;;;;;;;;;;;;;;
668;09.06.2024;Initiative für eine Kostenbremse im Gesundheitswesen;Initiative pour un frein aux coûts dans le système de santé;Volksinitiative «Für tiefere Prämien – Kostenbremse im Gesundheitswesen (Kostenbremse-Initiative)»;Initiative populaire «Pour des primes plus basses. Frein aux coûts dans le système de santé (initiative pour un frein aux coûts)»;3;2;0;37.23;;;;;;;;;;;;;;;;;;;;;;;
669;09.06.2024;Initiative «Für Freiheit und körperliche Unversehrtheit»;Initiative «Pour la liberté et l’intégrité physique»;Volksinitiative «Für Freiheit und körperliche Unversehrtheit»;Initiative populaire «Pour la liberté et l’intégrité physique»;3;2;0;26.27;;;;;;;;;;;;;;;;;;;;;;;
670;09.06.2024;Stromgesetz (Mantelerlass Energie);Loi sur les énergies renouvelables (acte modificateur unique);Bundesgesetz über eine sichere Stromversorgung mit erneuerbaren Energien (Änderung des Energiegesetzes und des Stromversorgungsgesetzes);Loi fédérale relative à un approvisionnement en électricité sûr reposant sur des énergies renouvelables (modification de la loi sur l’énergie et de la loi sur l’approvisionnement en électricité);2;1;1;68.72;;;;;;;;;;;;;;;;;;;;;;;
671;22.09.2024;Biodiversitäts-Initiative;Initiative biodiversité;Volksinitiative «Für die Zukunft unserer Natur und Landschaft (Biodiversitätsinitiative)»;Initiative populaire «Pour l’avenir de notre nature et de notre paysage (Initiative biodiversité)»;3;2;0;36.96;;;;;;;;;;;;;;;;;;;;;;;
672;22.09.2024;Reform der beruflichen Vorsorge;Réforme de la prévoyance professionnelle;Änderung des Bundesgesetzes über die berufliche Alters-, Hinterlassenen- und Invalidenvorsorge (BVG) (Reform der beruflichen Vorsorge);Modification de la loi fédérale sur la prévoyance professionnelle vieillesse, survivants et invalidité (LPP) (Réforme de la prévoyance professionnelle);2;1;0;32.87;;;;;;;;;;;;;;;;;;;;;;;
673;24.11.2024;Ausbau des Autobahnnetzes;Extension du réseau autoroutier;Bundesbeschluss über den Ausbauschritt 2023 für die Nationalstrassen;Arrêté fédéral sur l’étape d’aménagement 2023 des routes nationales;2;1;0;47.30;;;;;;;;;;;;;;;;;;;;;;;
674;24.11.2024;Bedingungen für Untermiete;Conditions pour la sous-location;Änderung des Obligationenrechts (Mietrecht: Untermiete);Modification du code des obligations (droit du bail: sous-location);2;1;0;48.42;;;;;;;;;;;;;;;;;;;;;;;
675;24.11.2024;Kündigung wegen Eigenbedarfs (Mietrecht);Résiliation pour besoin propre (droit du bail);Änderung des Obligationenrechts (Mietrecht: Kündigung wegen Eigenbedarfs);Modification du code des obligations (droit du bail: résiliation pour besoin propre);2;1;0;46.17;;;;;;;;;;;;;;;;;;;;;;;
676;24.11.2024;Einheitliche Finanzierung ambulanter und stationärer Leistungen (EFAS);Financement uniforme des prestations ambulatoires et stationnaires;Änderung des Bundesgesetzes über die Krankenversicherung (KVG) (Einheitliche Finanzierung der Leistungen);Modification de la loi fédérale sur l’assurance-maladie (LAMal) (financement uniforme des prestations);2;1;1;53.31;;;;;;;;;;;;;;;;;;;;;;;
677;09.02.2025;«Umweltverantwortungsinitiative»;Initiative «pour la responsabilité environnementale»;Volksinitiative «Für eine verantwortungsvolle Wirtschaft innerhalb der planetaren Grenzen (Umweltverantwortungsinitiative)»;Initiative populaire «Pour une économie responsable respectant les limites planétaires (initiative pour la responsabilité environnementale)»;3;2;0;30.16;;;;;;;;;;;;;;;;;;;;;;;
678;28.09.2025;Kantonale Besteuerung von Zweitliegenschaften;Impôts cantonaux sur les résidences secondaires;Bundesbeschluss über die kantonalen Liegenschaftssteuern auf Zweitliegenschaften;Arrêté fédéral relatif à l’impôt immobilier cantonal sur les résidences secondaires;1;1;1;57.73;;;;;;;;;;;;;;;;;;;;;;;
679;28.09.2025;E-ID-Gesetz;Loi sur l’e-ID;Bundesgesetz über den elektronischen Identitätsnachweis und andere elektronische Nachweise (E-ID-Gesetz, BGEID);Loi fédérale sur l’identité électronique et d’autres moyens de preuves électroniques (Loi sur l’e-ID, LeID);2;1;1;50.39;;;;;;;;;;;;;;;;;;;;;;;
680;30.11.2025;«Service-Citoyen-Initiative»;« Initiative service citoyen »;Volksinitiative «Für eine engagierte Schweiz (Service-citoyen-Initiative)»;Initiative populaire «Pour une suisse qui s’engage (initiative service citoyen)»;3;2;0;15.85;;;;;;;;;;;;;;;;;;;;;;;
681;30.11.2025;«Initiative für eine Zukunft»;« Initiative pour l’avenir »;Volksinitiative «Für eine soziale Klimapolitik – steuerlich gerecht finanziert (Initiative für eine Zukunft)»;Initiative populaire «Pour une politique climatique sociale financée de manière juste fiscalement (initiative pour l’avenir)»;3;2;0;21.72;;;;;;;;;;;;;;;;;;;;;;;
682.1;08.03.2026;Bargeld-Initiative;Initiative sur l'argent liquide;Volksinitiative «Ja zu einer unabhängigen, freien Schweizer Währung mit Münzen oder Banknoten (Bargeld ist Freiheit)»;Initiative populaire « Oui à une monnaie suisse libre et indépendante sous forme de pièces ou de billets (l’argent liquide, c’est la liberté) »;3;2;0;45.61;;;;;;;;;;;;;;;;;;;;;;;
682.2;08.03.2026;Bundesbeschluss über Währung und Bargeldversorgung;Arrêté sur la monnaie et l’approvisionnement en numéraire;Bundesbeschluss über die schweizerische Währung und die Bargeldversorgung;Arrêté fédéral sur la monnaie suisse et l’approvisionnement en numéraire;4;1;1;73.39;;;;;;;;;;;;;;;;;;;;;;;
682.3;08.03.2026;Stichfrage zu Bargeld-Initiative und Gegenentwurf;Question subsidiaire sur l'initiative sur l'argent liquide et le contre-projet;Stichfrage zur Volksinitiative «Ja zu einer unabhängigen, freien Schweizer Währung mit Münzen oder Banknoten (Bargeld ist Freiheit)» und zum Gegenentwurf dazu (Bundesbeschluss über die schweizerische Währung und die Bargeldversorgung);Question subsidiaire sur l'initiative « Oui à une monnaie suisse libre et indépendante sous forme de pièces ou de billets (l’argent liquide, c’est la liberté) » et le contre-projet (arrêté fédéral sur la monnaie suisse et l’approvisionnement en numéraire);5;8;.;37.37;;;;;;;;;;;;;;;;;;;;;;;
683;08.03.2026;SRG-Initiative «200 Franken sind genug!»;Initiative SSR « 200 francs, ça suffit ! »;Volksinitiative «200 Franken sind genug! (SRG-Initiative)»;Initiative populaire « 200 francs, ça suffit ! (initiative SSR) »;3;2;0;38.05;;;;;;;;;;;;;;;;;;;;;;;
684;08.03.2026;Klimafonds-Initiative;Initiative pour un fonds climat;Volksinitiative «Für eine gerechte Energie- und Klimapolitik: Investieren für Wohlstand, Arbeit und Umwelt (Klimafonds-Initiative)»;Initiative populaire « Pour une politique énergétique et climatique équitable : investir pour la prospérité, le travail et l’environnement (initiative pour un fonds climat) »;3;2;0;29.29;;;;;;;;;;;;;;;;;;;;;;;
685;08.03.2026;Gesetz über die Individualbesteuerung;Loi sur l'imposition individuelle;Bundesgesetz über die Individualbesteuerung;Loi fédérale sur l’imposition individuelle;2;1;1;54.26;;;;;;;;;;;;;;;;;;;;;;;
686;14.06.2026;«Nachhaltigkeitsinitiative»;« Initiative pour la durabilité »;Volksinitiative «Keine 10-Millionen-Schweiz! (Nachhaltigkeitsinitiative)»;Initiative populaire « Pas de Suisse à 10 millions ! (initiative pour la durabilité) »;3;2;0;45.21;;;;;;;;;;;;;;;;;;;;;;;
687;14.06.2026;Zivildienstgesetz;Loi sur le service civil;Änderung des Bundesgesetzes über den zivilen Ersatzdienst (Zivildienstgesetz, ZDG);Modification de la loi fédérale sur le service civil (LSC);2;1;1;52.46;;;;;;;;;;;;;;;;;;;;;;;
688;27.09.2026;Neutralitätsinitiative;Initiative sur la neutralité;Volksinitiative «Wahrung der schweizerischen Neutralität (Neutralitätsinitiative)»;Initiative populaire « Sauvegarder la neutralité suisse (initiative sur la neutralité) »;3;2;0;29.85;;;;;;;;;;;;;;;;;;;;;;;
689;27.09.2026;Ernährungsinitiative;Initiative sur l’alimentation;Volksinitiative «Für eine sichere Ernährung – durch Stärkung einer nachhaltigen inländischen Produktion, mehr pflanzliche Lebensmittel und sauberes Trinkwasser (Ernährungsinitiative)»;Initiative populaire « Pour une alimentation sûre – grâce au renforcement de la protection indigène durable, à davantage de denrées alimentaires végétales et à une eau potable propre (initiative sur l’alimentation) »;3;2;0;27.48;;;;;;;;;;;;;;;;;;;;;;;
